ingredient,amount,amount_type
salted butter,27777.777777777777,cup
granulated sugar,27777.777777777777,cup
light brown sugar,27777.777777777777,cup
pure vanilla extract,55555.555555555555,teaspoons
eggs,55555.555555555555,number
all-purpose flour,83333.33333333333,cups
baking soda,27777.777777777777,teaspoon
baking powder,13888.888888888889,teaspoon
sea salt,27777.777777777777,teaspoon
chocolate chips,55555.555555555555,cups
